{
    "materialVersion": 1,
    "materials": [
        {
            "albedo": [1, 1, 1],
            "metallic": 0.001,
            "rougness": 0.5,
            "emissive": [0.4743529411764706, 1.6075294117647059, 3.36],
            "cullFaceMode": "CULL_BACK",
            "model": "hifi_pbr"
        }
    ]
}
