{
    "materialVersion": 1,
    "materials": [
        {
            "albedo": [1, 1, 1],
            "metallic": 0.001,
            "rougness": 0.5,
            "emissive": [3.03, 0.45152941176470585, 0.45152941176470585],
            "cullFaceMode": "CULL_BACK",
            "model": "hifi_pbr"
        }
    ]
}
