{
  "materialVersion": 1,
  "materials": [
    {
      "name": "FLOOR2",
      "albedo": [
        0.2196078431372549,
        0.058823529411764705,
        0.3803921568627451
      ],
      "metallic": 0.015,
      "roughness": 0.011,
      "normalMap": "MARBLE_NORMAL_512.jpg",
      "opacity": 1,
      "emissive": [
        0,
        0,
        0
      ],
      "scattering": 0,
      "cullFaceMode": "CULL_BACK"
    }
  ]
}
