{
  "materialVersion": 1,
  "materials": [
    {
      "name": "FLOOR3",
      "albedo": [
        0.32941176470588235,
        0.32941176470588235,
        0.32941176470588235
      ],
      "metallic": 0.015,
      "roughness": 0.006,
      "normalMap": "MARBLE_NORMAL_512.jpg",
      "opacity": 1,
      "emissive": [
        0,
        0,
        0
      ],
      "scattering": 0,
      "cullFaceMode": "CULL_BACK"
    }
  ]
}
